<?xml version="1.0" encoding="UTF-8"?>
<GenRun Id="impl_1" LaunchPart="xc7a35tcpg236-1" LaunchTime="1681494851">
  <File Type="ROUTE-PWR" Name="display_top_power_routed.rpt"/>
  <File Type="PA-TCL" Name="display_top.tcl"/>
  <File Type="BITSTR-MMI" Name="display_top.mmi"/>
  <File Type="OPT-METHODOLOGY-DRC" Name="display_top_methodology_drc_opted.rpt"/>
  <File Type="INIT-TIMING" Name="display_top_timing_summary_init.rpt"/>
  <File Type="ROUTE-PWR-SUM" Name="display_top_power_summary_routed.pb"/>
  <File Type="REPORTS-TCL" Name="display_top_reports.tcl"/>
  <File Type="OPT-TIMING" Name="display_top_timing_summary_opted.rpt"/>
  <File Type="OPT-DCP" Name="display_top_opt.dcp"/>
  <File Type="OPT-DRC" Name="display_top_drc_opted.rpt"/>
  <File Type="OPT-HWDEF" Name="display_top.hwdef"/>
  <File Type="PWROPT-DCP" Name="display_top_pwropt.dcp"/>
  <File Type="PWROPT-DRC" Name="display_top_drc_pwropted.rpt"/>
  <File Type="PWROPT-TIMING" Name="display_top_timing_summary_pwropted.rpt"/>
  <File Type="PLACE-DCP" Name="display_top_placed.dcp"/>
  <File Type="PLACE-IO" Name="display_top_io_placed.rpt"/>
  <File Type="PLACE-CLK" Name="display_top_clock_utilization_placed.rpt"/>
  <File Type="PLACE-UTIL" Name="display_top_utilization_placed.rpt"/>
  <File Type="PLACE-UTIL-PB" Name="display_top_utilization_placed.pb"/>
  <File Type="PLACE-CTRL" Name="display_top_control_sets_placed.rpt"/>
  <File Type="PLACE-SIMILARITY" Name="display_top_incremental_reuse_placed.rpt"/>
  <File Type="PLACE-PRE-SIMILARITY" Name="display_top_incremental_reuse_pre_placed.rpt"/>
  <File Type="BG-BIN" Name="display_top.bin"/>
  <File Type="PLACE-TIMING" Name="display_top_timing_summary_placed.rpt"/>
  <File Type="POSTPLACE-PWROPT-DCP" Name="display_top_postplace_pwropt.dcp"/>
  <File Type="BITSTR-MSK" Name="display_top.msk"/>
  <File Type="POSTPLACE-PWROPT-TIMING" Name="display_top_timing_summary_postplace_pwropted.rpt"/>
  <File Type="PHYSOPT-DCP" Name="display_top_physopt.dcp"/>
  <File Type="PHYSOPT-DRC" Name="display_top_drc_physopted.rpt"/>
  <File Type="BITSTR-RBT" Name="display_top.rbt"/>
  <File Type="PHYSOPT-TIMING" Name="display_top_timing_summary_physopted.rpt"/>
  <File Type="ROUTE-ERROR-DCP" Name="display_top_routed_error.dcp"/>
  <File Type="ROUTE-DCP" Name="display_top_routed.dcp"/>
  <File Type="ROUTE-BLACKBOX-DCP" Name="display_top_routed_bb.dcp"/>
  <File Type="ROUTE-DRC" Name="display_top_drc_routed.rpt"/>
  <File Type="ROUTE-DRC-PB" Name="display_top_drc_routed.pb"/>
  <File Type="ROUTE-DRC-RPX" Name="display_top_drc_routed.rpx"/>
  <File Type="ROUTE-METHODOLOGY-DRC" Name="display_top_methodology_drc_routed.rpt"/>
  <File Type="ROUTE-METHODOLOGY-DRC-RPX" Name="display_top_methodology_drc_routed.rpx"/>
  <File Type="ROUTE-METHODOLOGY-DRC-PB" Name="display_top_methodology_drc_routed.pb"/>
  <File Type="ROUTE-PWR-RPX" Name="display_top_power_routed.rpx"/>
  <File Type="ROUTE-STATUS" Name="display_top_route_status.rpt"/>
  <File Type="ROUTE-STATUS-PB" Name="display_top_route_status.pb"/>
  <File Type="ROUTE-TIMINGSUMMARY" Name="display_top_timing_summary_routed.rpt"/>
  <File Type="ROUTE-TIMING-PB" Name="display_top_timing_summary_routed.pb"/>
  <File Type="ROUTE-TIMING-RPX" Name="display_top_timing_summary_routed.rpx"/>
  <File Type="ROUTE-SIMILARITY" Name="display_top_incremental_reuse_routed.rpt"/>
  <File Type="ROUTE-CLK" Name="display_top_clock_utilization_routed.rpt"/>
  <File Type="ROUTE-BUS-SKEW" Name="display_top_bus_skew_routed.rpt"/>
  <File Type="ROUTE-BUS-SKEW-PB" Name="display_top_bus_skew_routed.pb"/>
  <File Type="ROUTE-BUS-SKEW-RPX" Name="display_top_bus_skew_routed.rpx"/>
  <File Type="POSTROUTE-PHYSOPT-DCP" Name="display_top_postroute_physopt.dcp"/>
  <File Type="POSTROUTE-PHYSOPT-BLACKBOX-DCP" Name="display_top_postroute_physopt_bb.dcp"/>
  <File Type="POSTROUTE-PHYSOPT-TIMING" Name="display_top_timing_summary_postroute_physopted.rpt"/>
  <File Type="POSTROUTE-PHYSOPT-TIMING-PB" Name="display_top_timing_summary_postroute_physopted.pb"/>
  <File Type="POSTROUTE-PHYSOPT-TIMING-RPX" Name="display_top_timing_summary_postroute_physopted.rpx"/>
  <File Type="POSTROUTE-PHYSOPT-BUS-SKEW" Name="display_top_bus_skew_postroute_physopted.rpt"/>
  <File Type="BG-BIT" Name="display_top.bit"/>
  <File Type="POSTROUTE-PHYSOPT-BUS-SKEW-PB" Name="display_top_bus_skew_postroute_physopted.pb"/>
  <File Type="POSTROUTE-PHYSOPT-BUS-SKEW-RPX" Name="display_top_bus_skew_postroute_physopted.rpx"/>
  <File Type="BITSTR-NKY" Name="display_top.nky"/>
  <File Type="BITSTR-BMM" Name="display_top_bd.bmm"/>
  <File Type="PDI-FILE" Name="display_top.pdi"/>
  <File Type="RCFI_FILE" Name="display_top.rcfi"/>
  <File Type="CFI_FILE" Name="display_top.cfi"/>
  <File Type="RNPI_FILE" Name="display_top.rnpi"/>
  <File Type="NPI_FILE" Name="display_top.npi"/>
  <File Type="RBD_FILE" Name="display_top.rbd"/>
  <File Type="BITSTR-LTX" Name="debug_nets.ltx"/>
  <File Type="BITSTR-LTX" Name="display_top.ltx"/>
  <File Type="BITSTR-SYSDEF" Name="display_top.sysdef"/>
  <File Type="BG-BGN" Name="display_top.bgn"/>
  <File Type="BG-DRC" Name="display_top.drc"/>
  <File Type="RDI-RDI" Name="display_top.vdi"/>
  <File Type="WBT-USG" Name="usage_statistics_webtalk.html"/>
  <FileSet Name="sources" Type="DesignSrcs" RelSrcDir="$PSRCDIR/sources_1" RelGenDir="$PGENDIR/sources_1">
    <Filter Type="Srcs"/>
    <File Path="M:/Yoshis_Nightmare/source_files/Yoshis-Nightmare-master/source/background_ghost_rom.v">
      <FileInfo>
        <Attr Name="UsedIn" Val="synthesis"/>
        <Attr Name="UsedIn" Val="implementation"/>
        <Attr Name="UsedIn" Val="simulation"/>
      </FileInfo>
    </File>
    <File Path="M:/Yoshis_Nightmare/source_files/Yoshis-Nightmare-master/source/binary2bcd.v">
      <FileInfo>
        <Attr Name="UsedIn" Val="synthesis"/>
        <Attr Name="UsedIn" Val="implementation"/>
        <Attr Name="UsedIn" Val="simulation"/>
      </FileInfo>
    </File>
    <File Path="M:/Yoshis_Nightmare/source_files/Yoshis-Nightmare-master/source/blocks_rom.v">
      <FileInfo>
        <Attr Name="UsedIn" Val="synthesis"/>
        <Attr Name="UsedIn" Val="implementation"/>
        <Attr Name="UsedIn" Val="simulation"/>
      </FileInfo>
    </File>
    <File Path="M:/Yoshis_Nightmare/source_files/Yoshis-Nightmare-master/source/eggs.v">
      <FileInfo>
        <Attr Name="UsedIn" Val="synthesis"/>
        <Attr Name="UsedIn" Val="implementation"/>
        <Attr Name="UsedIn" Val="simulation"/>
      </FileInfo>
    </File>
    <File Path="M:/Yoshis_Nightmare/source_files/Yoshis-Nightmare-master/source/eggs_rom.v">
      <FileInfo>
        <Attr Name="UsedIn" Val="synthesis"/>
        <Attr Name="UsedIn" Val="implementation"/>
        <Attr Name="UsedIn" Val="simulation"/>
      </FileInfo>
    </File>
    <File Path="M:/Yoshis_Nightmare/source_files/Yoshis-Nightmare-master/source/enemy_collision.v">
      <FileInfo>
        <Attr Name="UsedIn" Val="synthesis"/>
        <Attr Name="UsedIn" Val="implementation"/>
        <Attr Name="UsedIn" Val="simulation"/>
      </FileInfo>
    </File>
    <File Path="M:/Yoshis_Nightmare/source_files/Yoshis-Nightmare-master/source/game_logo_display.v">
      <FileInfo>
        <Attr Name="UsedIn" Val="synthesis"/>
        <Attr Name="UsedIn" Val="implementation"/>
        <Attr Name="UsedIn" Val="simulation"/>
      </FileInfo>
    </File>
    <File Path="M:/Yoshis_Nightmare/source_files/Yoshis-Nightmare-master/source/game_logo_rom.v">
      <FileInfo>
        <Attr Name="UsedIn" Val="synthesis"/>
        <Attr Name="UsedIn" Val="implementation"/>
        <Attr Name="UsedIn" Val="simulation"/>
      </FileInfo>
    </File>
    <File Path="M:/Yoshis_Nightmare/source_files/Yoshis-Nightmare-master/source/game_state_machine.v">
      <FileInfo>
        <Attr Name="UsedIn" Val="synthesis"/>
        <Attr Name="UsedIn" Val="implementation"/>
        <Attr Name="UsedIn" Val="simulation"/>
      </FileInfo>
    </File>
    <File Path="M:/Yoshis_Nightmare/source_files/Yoshis-Nightmare-master/source/gameover_display.v">
      <FileInfo>
        <Attr Name="UsedIn" Val="synthesis"/>
        <Attr Name="UsedIn" Val="implementation"/>
        <Attr Name="UsedIn" Val="simulation"/>
      </FileInfo>
    </File>
    <File Path="M:/Yoshis_Nightmare/source_files/Yoshis-Nightmare-master/source/gameover_rom.v">
      <FileInfo>
        <Attr Name="UsedIn" Val="synthesis"/>
        <Attr Name="UsedIn" Val="implementation"/>
        <Attr Name="UsedIn" Val="simulation"/>
      </FileInfo>
    </File>
    <File Path="M:/Yoshis_Nightmare/source_files/Yoshis-Nightmare-master/source/ghost_bottom.v">
      <FileInfo>
        <Attr Name="UsedIn" Val="synthesis"/>
        <Attr Name="UsedIn" Val="implementation"/>
        <Attr Name="UsedIn" Val="simulation"/>
      </FileInfo>
    </File>
    <File Path="M:/Yoshis_Nightmare/source_files/Yoshis-Nightmare-master/source/ghost_crazy.v">
      <FileInfo>
        <Attr Name="UsedIn" Val="synthesis"/>
        <Attr Name="UsedIn" Val="implementation"/>
        <Attr Name="UsedIn" Val="simulation"/>
      </FileInfo>
    </File>
    <File Path="M:/Yoshis_Nightmare/source_files/Yoshis-Nightmare-master/source/ghost_crazy_rom.v">
      <FileInfo>
        <Attr Name="UsedIn" Val="synthesis"/>
        <Attr Name="UsedIn" Val="implementation"/>
        <Attr Name="UsedIn" Val="simulation"/>
      </FileInfo>
    </File>
    <File Path="M:/Yoshis_Nightmare/source_files/Yoshis-Nightmare-master/source/ghost_normal_rom.v">
      <FileInfo>
        <Attr Name="UsedIn" Val="synthesis"/>
        <Attr Name="UsedIn" Val="implementation"/>
        <Attr Name="UsedIn" Val="simulation"/>
      </FileInfo>
    </File>
    <File Path="M:/Yoshis_Nightmare/source_files/Yoshis-Nightmare-master/source/ghost_top.v">
      <FileInfo>
        <Attr Name="UsedIn" Val="synthesis"/>
        <Attr Name="UsedIn" Val="implementation"/>
        <Attr Name="UsedIn" Val="simulation"/>
      </FileInfo>
    </File>
    <File Path="M:/Yoshis_Nightmare/source_files/Yoshis-Nightmare-master/source/grounded.v">
      <FileInfo>
        <Attr Name="UsedIn" Val="synthesis"/>
        <Attr Name="UsedIn" Val="implementation"/>
        <Attr Name="UsedIn" Val="simulation"/>
      </FileInfo>
    </File>
    <File Path="M:/Yoshis_Nightmare/source_files/Yoshis-Nightmare-master/source/hearts_display.v">
      <FileInfo>
        <Attr Name="UsedIn" Val="synthesis"/>
        <Attr Name="UsedIn" Val="implementation"/>
        <Attr Name="UsedIn" Val="simulation"/>
      </FileInfo>
    </File>
    <File Path="M:/Yoshis_Nightmare/source_files/Yoshis-Nightmare-master/source/hearts_rom.v">
      <FileInfo>
        <Attr Name="UsedIn" Val="synthesis"/>
        <Attr Name="UsedIn" Val="implementation"/>
        <Attr Name="UsedIn" Val="simulation"/>
      </FileInfo>
    </File>
    <File Path="M:/Yoshis_Nightmare/source_files/Yoshis-Nightmare-master/source/nes_controller.v">
      <FileInfo>
        <Attr Name="UsedIn" Val="synthesis"/>
        <Attr Name="UsedIn" Val="implementation"/>
        <Attr Name="UsedIn" Val="simulation"/>
      </FileInfo>
    </File>
    <File Path="M:/Yoshis_Nightmare/source_files/Yoshis-Nightmare-master/source/numbers_rom.v">
      <FileInfo>
        <Attr Name="UsedIn" Val="synthesis"/>
        <Attr Name="UsedIn" Val="implementation"/>
        <Attr Name="UsedIn" Val="simulation"/>
      </FileInfo>
    </File>
    <File Path="M:/Yoshis_Nightmare/source_files/Yoshis-Nightmare-master/source/platforms.v">
      <FileInfo>
        <Attr Name="UsedIn" Val="synthesis"/>
        <Attr Name="UsedIn" Val="implementation"/>
        <Attr Name="UsedIn" Val="simulation"/>
      </FileInfo>
    </File>
    <File Path="M:/Yoshis_Nightmare/source_files/Yoshis-Nightmare-master/source/score_display.v">
      <FileInfo>
        <Attr Name="UsedIn" Val="synthesis"/>
        <Attr Name="UsedIn" Val="implementation"/>
        <Attr Name="UsedIn" Val="simulation"/>
      </FileInfo>
    </File>
    <File Path="M:/Yoshis_Nightmare/source_files/Yoshis-Nightmare-master/source/vga_sync.v">
      <FileInfo>
        <Attr Name="UsedIn" Val="synthesis"/>
        <Attr Name="UsedIn" Val="implementation"/>
        <Attr Name="UsedIn" Val="simulation"/>
      </FileInfo>
    </File>
    <File Path="M:/Yoshis_Nightmare/source_files/Yoshis-Nightmare-master/source/walls_rom.v">
      <FileInfo>
        <Attr Name="UsedIn" Val="synthesis"/>
        <Attr Name="UsedIn" Val="implementation"/>
        <Attr Name="UsedIn" Val="simulation"/>
      </FileInfo>
    </File>
    <File Path="M:/Yoshis_Nightmare/source_files/Yoshis-Nightmare-master/source/yoshi_ghost_rom.v">
      <FileInfo>
        <Attr Name="UsedIn" Val="synthesis"/>
        <Attr Name="UsedIn" Val="implementation"/>
        <Attr Name="UsedIn" Val="simulation"/>
      </FileInfo>
    </File>
    <File Path="M:/Yoshis_Nightmare/source_files/Yoshis-Nightmare-master/source/yoshi_rom.v">
      <FileInfo>
        <Attr Name="UsedIn" Val="synthesis"/>
        <Attr Name="UsedIn" Val="implementation"/>
        <Attr Name="UsedIn" Val="simulation"/>
      </FileInfo>
    </File>
    <File Path="M:/Yoshis_Nightmare/source_files/Yoshis-Nightmare-master/source/yoshi_sprite.v">
      <FileInfo>
        <Attr Name="UsedIn" Val="synthesis"/>
        <Attr Name="UsedIn" Val="implementation"/>
        <Attr Name="UsedIn" Val="simulation"/>
      </FileInfo>
    </File>
    <File Path="M:/Yoshis_Nightmare/source_files/Yoshis-Nightmare-master/source/display_top.v">
      <FileInfo>
        <Attr Name="UsedIn" Val="synthesis"/>
        <Attr Name="UsedIn" Val="implementation"/>
        <Attr Name="UsedIn" Val="simulation"/>
      </FileInfo>
    </File>
    <Config>
      <Option Name="DesignMode" Val="RTL"/>
      <Option Name="TopModule" Val="display_top"/>
      <Option Name="TopAutoSet" Val="TRUE"/>
    </Config>
  </FileSet>
  <FileSet Name="constrs_in" Type="Constrs" RelSrcDir="$PSRCDIR/constrs_1">
    <Filter Type="Constrs"/>
    <File Path="M:/Yoshis_Nightmare/source/basys3.xdc">
      <FileInfo>
        <Attr Name="UsedIn" Val="synthesis"/>
        <Attr Name="UsedIn" Val="implementation"/>
      </FileInfo>
    </File>
    <Config>
      <Option Name="ConstrsType" Val="XDC"/>
    </Config>
  </FileSet>
  <FileSet Name="utils" Type="Utils" RelSrcDir="$PSRCDIR/utils_1">
    <Filter Type="Utils"/>
    <Config>
      <Option Name="TopAutoSet" Val="TRUE"/>
    </Config>
  </FileSet>
  <Strategy Version="1" Minor="2">
    <StratHandle Name="Vivado Implementation Defaults" Flow="Vivado Implementation 2021">
      <Desc>Default settings for Implementation.</Desc>
    </StratHandle>
    <Step Id="init_design"/>
    <Step Id="opt_design"/>
    <Step Id="power_opt_design"/>
    <Step Id="place_design"/>
    <Step Id="post_place_power_opt_design"/>
    <Step Id="phys_opt_design"/>
    <Step Id="route_design"/>
    <Step Id="post_route_phys_opt_design"/>
    <Step Id="write_bitstream"/>
  </Strategy>
</GenRun>
